Designator,Mid X,Mid Y,Rotation,Layer
C5,152.75,-95.25,0.0,bottom
C6,175.75,-52.75,90.0,bottom
C7,182.75,-91.75,270.0,bottom
C8,206.05,-88.25,180.0,bottom
J10,171.25,-114.75,0.0,top
J21,179.71,-124.75,0.0,top
J24,195.25,-114.75,0.0,top
J4,179.25,-114.75,0.0,top
J6,187.25,-114.75,0.0,top
MK5,151.418296,-91.750679,90.0,bottom
MK6,179.5625,-51.45,180.0,bottom
MK7,178.9375,-91.75,0.0,bottom
MK8,207.35,-91.781376,270.0,bottom
R2,175.75,-61.75,270.0,top
